,index,PepName,Taste in Umami_Peptides,Taste in Bitter_Peptides,Train,Test
0,0,AE,1,1,1,0
1,1,RL,1,1,0,1
2,2,NY,1,1,1,0
3,3,DK,1,1,1,0
4,4,DD,1,1,1,0
5,5,DE,1,1,1,0
6,6,CE,1,1,0,1
7,7,EA,1,1,1,0
8,8,EN,1,1,0,1
9,9,ED,1,1,1,0
10,10,EE,1,1,0,1
11,11,EK,1,1,1,0
12,12,EP,1,1,1,0
13,13,ES,1,1,1,0
14,14,ET,1,1,1,0
15,15,GD,1,1,1,0
16,16,LD,0,0,1,0
17,17,QP,1,1,1,0
18,18,LEL,0,0,0,1
19,19,KG,1,1,1,0
20,20,PE,1,1,1,0
21,21,TE,1,1,1,0
22,22,HS,1,1,1,0
23,23,LM,0,0,1,0
24,24,VT,1,1,1,0
25,25,RFPHADF,0,0,1,0
26,26,AEA,1,1,1,0
27,27,AED,1,1,1,0
28,28,ADA,1,1,1,0
29,29,ADE,1,1,1,0
30,30,DAG,1,1,1,0
31,31,DAE,1,1,1,0
32,32,DDD,1,1,1,0
33,33,GY,0,0,1,0
34,34,DDE,1,1,1,0
35,35,DQR,1,1,1,0
36,36,DR,1,0,1,0
37,37,NAL,0,0,1,0
38,38,DED,1,1,1,0
39,39,DEE,1,1,1,0
40,40,ASEFFR,0,0,1,0
41,41,DEL,1,1,1,0
42,42,YGLF,0,0,1,0
43,43,NGG,1,1,1,0
44,44,IPAVF,0,0,1,0
45,45,DES,1,1,0,1
46,46,LLF,0,0,1,0
47,47,YPFPGPIPN,0,0,1,0
48,48,FW,0,0,1,0
49,49,NNP,1,1,1,0
50,50,LLL,0,0,1,0
51,51,GL,0,0,1,0
52,52,GF,0,0,0,1
53,53,EDD,1,1,0,1
54,54,FL,0,0,1,0
55,55,PR,0,0,1,0
56,56,EDE,1,1,1,0
57,57,EDF,1,1,1,0
58,58,EDV,1,1,0,1
59,59,EDG,1,1,1,0
60,60,EQE,1,1,1,0
61,61,GR,0,0,1,0
62,62,EEE,1,1,1,0
63,63,YP,0,0,1,0
64,64,IV,0,0,1,0
65,65,EED,1,1,1,0
66,66,KF,0,0,0,1
67,67,EEL,1,1,1,0
68,68,RG,0,0,0,1
69,69,RR,0,0,1,0
70,70,EEK,1,1,0,1
71,71,VI,0,0,1,0
72,72,ESV,1,1,1,0
73,73,EGS,1,1,1,0
74,74,PK,0,0,1,0
75,75,PP,0,0,1,0
76,76,LI,0,0,1,0
77,77,GDG,1,1,1,0
78,78,YG,0,0,1,0
79,79,GFP,1,1,1,0
80,80,LDL,1,1,1,0
81,81,LVG,1,1,0,1
82,82,PLA,1,1,1,0
83,83,PAQ,1,1,1,0
84,84,PGD,1,1,1,0
85,85,PSG,1,1,1,0
86,86,SEE,1,1,1,0
87,87,VF,0,0,1,0
88,88,SPE,1,1,0,1
89,89,SFG,1,1,1,0
90,90,TAY,1,1,1,0
91,91,TPE,1,1,1,0
92,92,VAV,1,1,1,0
93,93,VDV,1,1,1,0
94,94,VEV,1,1,1,0
95,95,VES,1,1,1,0
96,96,VY,0,0,1,0
97,97,VGG,1,1,1,0
98,98,KP,0,0,1,0
99,99,RF,0,0,1,0
100,100,VPY,1,1,1,0
101,101,YY,0,0,1,0
102,102,IF,0,0,1,0
103,103,AAPY,1,1,1,0
104,104,RP,0,0,1,0
105,105,FI,0,0,1,0
106,106,YF,0,0,1,0
107,107,AV,0,0,0,1
108,108,VA,0,0,1,0
109,109,PA,0,0,1,0
110,110,ID,0,0,1,0
111,111,ESLA,1,1,1,0
112,112,IE,0,0,1,0
113,113,EDQK,1,1,1,0
114,114,IS,0,0,1,0
115,115,GGGE,1,1,1,0
116,116,IT,0,0,1,0
117,117,IQ,0,0,1,0
118,118,SL,0,0,1,0
119,119,IN,0,0,1,0
120,120,GGPG,1,1,1,0
121,121,WE,0,0,1,0
122,122,IK,0,0,0,1
123,123,AL,0,0,1,0
124,124,LA,0,0,0,1
125,125,PY,0,0,1,0
126,126,GW,0,0,0,1
127,127,IQEL,1,1,0,1
128,128,PL,0,0,1,0
129,129,PI,0,0,0,1
130,130,IP,0,0,1,0
131,131,YL,0,0,1,0
132,132,LEQL,1,1,1,0
133,133,LY,0,0,0,1
134,134,IW,0,0,0,1
135,135,FY,0,0,1,0
136,136,LW,0,0,1,0
137,137,WW,0,0,1,0
138,138,QEEK,1,1,1,0
139,139,GV,0,0,1,0
140,140,LG,0,0,0,1
141,141,GP,0,0,1,0
142,142,AF,0,0,1,0
143,143,NRTF,1,1,1,0
144,144,FG,0,0,1,0
145,145,IG,0,0,1,0
146,146,VL,0,0,1,0
147,147,PF,0,0,1,0
148,148,GI,0,0,1,0
149,149,LL,0,0,0,1
150,150,VEAL,1,1,1,0
151,151,II,0,0,1,0
152,152,IL,0,0,1,0
153,153,FP,0,0,0,1
154,154,LF,0,0,1,0
155,155,FF,0,0,1,0
156,156,LGG,0,0,1,0
157,157,GGV,0,0,1,0
158,158,PGR,0,0,1,0
159,159,GPG,0,0,1,0
160,160,GYG,0,0,1,0
161,161,RGP,0,0,1,0
162,162,GLG,0,0,1,0
163,163,GGL,0,0,1,0
164,164,GGP,0,0,1,0
165,165,PGP,0,0,1,0
166,166,PPG,0,0,0,1
167,167,LLG,0,0,0,1
168,168,LGL,0,0,1,0
169,169,FGG,0,0,1,0
170,170,FPP,0,0,1,0
171,171,RRR,0,0,0,1
172,172,GFG,0,0,1,0
173,173,FFG,0,0,1,0
174,174,PPP,0,0,1,0
175,175,GGF,0,0,1,0
176,176,FGF,0,0,1,0
177,177,GRP,0,0,1,0
178,178,RPG,0,0,0,1
179,179,GFF,0,0,1,0
180,180,FFF,0,0,1,0
181,181,RRPPFF,0,0,0,1
182,182,RGPPFIV,0,0,0,1
183,183,RPPPFFF,0,0,1,0
184,184,RRPPPFFF,0,0,1,0
185,185,VYPFPPGINH,0,0,0,1
186,186,RPGFF,0,0,0,1
187,187,RPGGFF,0,0,1,0
188,188,FFRPFFRPFF,0,0,1,0
189,189,RPFG,0,0,1,0
190,190,GPFF,0,0,1,0
191,191,RGFF,0,0,1,0
192,192,RPGF,0,0,1,0
193,193,FFPR,0,0,1,0
194,194,GLL,0,0,1,0
195,195,GGGLG,0,0,0,1
196,196,GGLGG,0,0,1,0
197,197,LGGGG,0,0,1,0
198,198,GLGGG,0,0,1,0
199,199,GGGGL,0,0,1,0
200,200,GGLG,0,0,0,1
201,201,GLGG,0,0,1,0
202,202,LGGG,0,0,1,0
203,203,GGGL,0,0,1,0
204,204,LLLL,0,0,1,0
205,205,PGG,0,0,1,0
206,206,FPK,0,0,1,0
207,207,YGG,0,0,1,0
208,208,PPF,0,0,0,1
209,209,VIF,0,0,0,1
210,210,YGY,0,0,1,0
211,211,RRPFF,0,0,1,0
212,212,YYG,0,0,1,0
213,213,KPF,0,0,1,0
214,214,GYY,0,0,1,0
215,215,FPF,0,0,1,0
216,216,FFPP,0,0,1,0
217,217,GPPF,0,0,1,0
218,218,VYPFPPIGNH,0,0,1,0
219,219,VYPF,0,0,1,0
220,220,RPFF,0,0,1,0
221,221,RGPGPIIV,0,0,1,0
222,222,RPFFRPFF,0,0,1,0
223,223,PVRGPFPIIV,0,0,1,0
224,224,FGFG,0,0,1,0
225,225,FGGF,0,0,1,0
226,226,PVLGPV,0,0,1,0
227,227,PFPIIV,0,0,1,0
228,228,VIIPFPG,0,0,0,1
229,229,RGPFPIV,0,0,1,0
230,230,VIPFPGR,0,0,0,1
231,231,VIIPFPGR,0,0,1,0
232,232,GVV,0,0,1,0
233,233,FIV,0,0,1,0
234,234,RGPPGF,0,0,1,0
235,235,RRPPGF,0,0,1,0
236,236,RGPPFF,0,0,0,1
237,237,RGPPGGV,0,0,1,0
238,238,RGPPGIG,0,0,1,0
239,239,RGPPGGF,0,0,0,1
240,240,RGPPFGG,0,0,1,0
241,241,RGPPGFG,0,0,1,0
242,242,RGPPGFF,0,0,1,0
243,243,RGPPFFF,0,0,1,0
244,244,RGPPGGFF,0,0,1,0
245,245,RGPPGGGFF,0,0,1,0
246,246,RGPPF,0,0,1,0
247,247,PPFIV,0,0,1,0
248,248,GPPFIV,0,0,0,1
249,249,RPPFIV,0,0,1,0
250,250,RGPFIV,0,0,1,0
251,251,RGPPFI,0,0,1,0
252,252,PFIV,0,0,1,0
253,253,VIFPPG,0,0,0,1
254,254,VIFPPGR,0,0,1,0
255,255,FPPFIV,0,0,1,0
256,256,KPPFIV,0,0,1,0
257,257,GGRGPPFIV,0,0,1,0
258,258,RGPPFIVGG,0,0,0,1
259,259,VVV,0,0,1,0
260,260,GGVVV,0,0,1,0
261,261,FFPGG,0,0,1,0
262,262,GGFFGG,0,0,1,0
263,263,RPFFGG,0,0,1,0
264,264,FFGG,0,0,1,0
265,265,RRPP,0,0,1,0
266,266,FFPE,0,0,0,1
267,267,GGFF,0,0,0,1
268,268,FFPG,0,0,0,1
269,269,GGRPFFGG,0,0,1,0
270,270,VYP,0,0,0,1
271,271,KPK,0,0,1,0
272,272,PFP,0,0,1,0
273,273,YPF,0,0,1,0
274,274,PFPP,0,0,1,0
275,275,RGGFIV,0,0,1,0
276,276,RGPKPIIV,0,0,1,0
277,277,RGPPFIIV,0,0,1,0
278,278,RGPEPIIV,0,0,1,0
279,279,RGPFPIIV,0,0,1,0
280,280,VYPFPPG,0,0,1,0
281,281,VYPFPPGI,0,0,0,1
282,282,VYPFPPGIGG,0,0,0,1
283,283,VYPFGGGINH,0,0,0,1
284,284,EGG,0,0,1,0
285,285,DLL,0,0,1,0
286,286,ELL,0,0,1,0
287,287,PIP,0,0,1,0
288,288,PGPIP,0,0,1,0
289,289,PGPGPG,0,0,0,1
290,290,PFPGPI,0,0,1,0
291,291,PFPGPIP,0,0,1,0
292,292,YPFPGPI,0,0,0,1
293,293,AFDEK,1,1,1,0
294,294,EEDGK,1,1,1,0
295,295,EAGIQ,1,1,0,1
296,296,EQQQQ,1,1,1,0
297,297,LPEEV,1,1,1,0
298,298,CALTP,1,1,1,0
299,299,EESLA,1,1,1,0
300,300,EQEEK,1,1,1,0
301,301,VVGET,1,1,1,0
302,302,SAEQT,1,1,1,0
303,303,HCHTN,1,1,0,1
304,304,SEGGR,1,1,1,0
305,305,KSAEN,1,1,1,0
306,306,ALPAEV,1,1,1,0
307,307,NVVGET,1,1,1,0
308,308,CCNKSV,1,1,1,0
309,309,ENINEL,1,1,1,0
310,310,ALPEEV,1,1,1,0
311,311,TESSSE,1,1,1,0
312,312,KAPSTM,1,1,0,1
313,313,INEL,1,1,1,0
314,314,GPDPER,1,1,1,0
315,315,INKPGL,1,1,1,0
316,316,SDSCIR,1,1,1,0
317,317,QDSIGS,1,1,0,1
318,318,ADGLWL,1,1,1,0
319,319,GFLGPQ,1,1,1,0
320,320,WDDMEK,1,1,1,0
321,321,VADLMR,1,1,1,0
322,322,STELFK,1,1,1,0
323,323,DALKKK,1,1,1,0
324,324,KEMQKN,1,1,1,0
325,325,HNESQN,1,1,0,1
326,326,TGDPEK,1,1,0,1
327,327,KGGGGP,1,1,1,0
328,328,AHSVRFY,1,1,1,0
329,329,ASNMSDL,1,1,0,1
330,330,LQPLNAH,1,1,1,0
331,331,IQQDDCK,1,1,1,0
332,332,SEASNNK,1,1,1,0
333,333,IGPGLGR,1,1,0,1
334,334,AGDDAPR,1,1,1,0
335,335,KDGGGGK,1,1,1,0
336,336,AEASALR,1,1,1,0
337,337,LGDVLVR,1,1,1,0
338,338,FVGLQER,1,1,1,0
339,339,RGEPNND,1,1,1,0
340,340,AGAGPTP,1,1,1,0
341,341,VYETPDR,1,1,0,1
342,342,DAPYDYK,1,1,0,1
343,343,NQEGLFR,1,1,1,0
344,344,AQALQAQA,1,1,0,1
345,345,KGDEESLA,1,1,1,0
346,346,KGSLADEE,1,1,1,0
347,347,SLADEEKG,1,1,1,0
348,348,SLAKGDEE,1,1,1,0
349,349,YGGTPPFV,1,1,1,0
350,350,VAPEEHPT,1,1,1,0
351,351,FAGDDAPR,1,1,1,0
352,352,PECGLVVG,1,1,1,0
353,353,FADNVFAL,1,1,0,1
354,354,RPNPFENR,1,1,1,0
355,355,DPLRGGYY,1,1,1,0
356,356,QAEADMAR,1,1,1,0
357,357,HGEDKEGE,1,1,0,1
358,358,IPIPATKT,1,1,1,0
359,359,GRVSNCAA,1,1,1,0
360,360,QIEELEGK,1,1,0,1
361,361,TDVEQEGD,1,1,0,1
362,362,GLLPDGTPR,1,1,1,0
363,363,STMLLESER,1,1,1,0
364,364,LLLPGELAK,1,1,0,1
365,365,LLLPGELAF,1,1,0,1
366,366,PGPAGPAGP,1,1,1,0
367,367,GPAGPAGPR,1,1,1,0
368,368,MAASGDVGK,1,1,1,0
369,369,TREQMIHER,1,1,1,0
370,370,EGSTIGLSK,1,1,1,0
371,371,ANPGPVRDLR,1,1,1,0
372,372,QVAIAHRDAK,1,1,0,1
373,373,AGFAGDDAPR,1,1,0,1
374,374,GYSFTTTAER,1,1,0,1
375,375,GFSFTTTAER,1,1,1,0
376,376,VVLNPVARVE,1,1,1,0
377,377,LLDAFFFDNK,1,1,0,1
378,378,EATLWDMEEK,1,1,1,0
379,379,EMH,1,1,0,1
380,380,VEH,1,1,1,0
381,381,GLE,1,1,0,1
382,382,TGC,1,1,1,0
383,383,QL,1,1,1,0
384,384,PET,1,1,1,0
385,385,DEDFKREP,1,1,1,0
386,386,APA,1,1,1,0
387,387,DCG,1,1,1,0
388,388,LYER,1,1,1,0
389,389,VRSY,1,1,1,0
390,390,EHAMLN,1,1,1,0
391,391,EFKEYN,1,1,0,1
392,392,KGRYER,1,1,1,0
393,393,TLRRCM,1,1,1,0
394,394,DFKREP,1,1,1,0
395,395,DREKFDE,1,1,1,0
396,396,PGGVRNG,1,1,1,0
397,397,PVARMCR,1,1,1,0
398,398,NWDDMEK,1,1,0,1
399,399,EFEGGSIEH,1,1,1,0
400,400,YKCKDGDLR,1,1,1,0
401,401,ASLDGEFKG,1,1,1,0
402,402,DVNNPANQLD,1,1,1,0
403,403,AD,1,0,1,0
404,404,AH,1,0,1,0
405,405,DA,1,0,1,0
406,406,DL,1,0,1,0
407,407,EG,1,0,1,0
408,408,EL,1,0,1,0
409,409,EY,1,0,1,0
410,410,EV,1,0,0,1
411,411,GE,1,0,1,0
412,412,LE,1,0,1,0
413,413,CPR,0,1,0,1
414,414,LV,1,0,1,0
415,415,SGVQ,0,1,1,0
416,416,CMT,0,1,0,1
417,417,VD,1,0,1,0
418,418,AQ,0,1,1,0
419,419,PC,0,1,1,0
420,420,VE,1,0,1,0
421,421,FEA,0,1,1,0
422,422,VG,1,0,1,0
423,423,VV,1,0,1,0
424,424,EVY,0,1,1,0
425,425,AGY,0,1,1,0
426,426,SEC,0,1,1,0
427,427,AEP,0,1,1,0
428,428,NTC,0,1,1,0
429,429,EVC,0,1,0,1
430,430,ENF,0,1,1,0
431,431,GGGS,0,1,1,0
432,432,EGF,1,0,1,0
433,433,GEG,1,0,0,1
434,434,GGY,1,0,1,0
435,435,SEEK,1,0,0,1
436,436,APAP,0,1,1,0
437,437,RPFFRPFFRPFF,0,0,1,0
438,438,RGPPFIVRGPPFIV,0,0,0,1
439,439,PVLGPVRGPFPIIV,0,0,1,0
440,440,GGRGPPFIVGG,0,0,1,0
441,441,KGDEE,0,1,1,0
442,442,RPLGNC,1,0,1,0
443,443,DEESLA,1,0,1,0
444,444,TYLPVH,1,0,1,0
445,445,PAATIPE,1,0,1,0
446,446,AGLQFPVGR,1,0,1,0
447,447,VLPTDQNFILR,1,1,1,0
448,448,MTNLLEDLSFR,1,1,1,0
449,449,LPLLEEAFLSR,1,1,1,0
450,450,MEREQEESTMR,1,1,0,1
451,451,VTADESQQDVLF,1,1,0,1
452,452,DAGVIAGLNVLR,1,1,1,0
453,453,NALKSVECYDAR,1,1,0,1
454,454,AKLTSLEEECQR,1,1,0,1
455,455,GFGDSCTPGKNER,1,1,0,1
456,456,YADSNIQINGTDR,1,1,1,0
457,457,YLASCLSSVKEEK,1,1,1,0
458,458,RGENESEEEGAIVT,1,1,1,0
459,459,AREIALQELGEQAK,1,1,1,0
460,460,EQLEATVQKLDESR,1,0,0,1
461,461,IMEALAGAGIDPRR,1,1,1,0
462,462,RGENESDEQGAIVT,1,1,1,0
463,463,GENEEEDSGAIVTVF,1,0,1,0
464,464,SGVVAAVNDAAKDFHG,1,1,1,0
465,465,VLSLNSGTEAVEAAIK,1,1,1,0
466,466,HV,1,0,0,1
467,467,KTGLSPDQF,1,0,1,0
468,468,KTDLNFENL,1,0,1,0
469,469,NNENQLDEYQR,1,1,1,0
470,470,ALASLDGEFKG,1,1,0,1
471,471,RLGSSEVEQVQ,1,0,0,1
472,472,GENEEEDSGAIVTVK,1,1,1,0
473,473,RPHR,0,0,1,0
474,474,RPWHR,0,0,1,0
475,475,HFR,0,0,1,0
476,476,RWDGRG,0,1,0,1
477,477,RD,1,1,1,0
478,478,DGV,1,1,1,0
479,479,DF,0,0,1,0
480,480,DM,0,0,1,0
481,481,AGPSIVH,1,1,1,0
482,482,DMIPAQK,0,1,1,0
483,483,IKDPHVD,1,1,0,1
484,484,PVLVQR,0,1,0,1
485,485,APYLR,0,0,1,0
486,486,TPPKID,1,1,1,0
487,487,NALNDITSL,0,1,1,0
488,488,DDPKLVH,0,0,0,1
